comment_id,commenter,course,comment,comment_time,likes,dislikes,reply
1,103,1721,GZTGP,10/4/20,1941,134,-1
2,911,768,QMLDX,2/7/20,483,407,-1
3,716,1488,WXECP,10/24/21,1282,740,-1
4,526,1591,CNUWK,12/21/21,1332,420,-1
5,707,339,NNZMV,7/25/20,1688,830,-1
6,867,2244,MKGQB,10/8/20,889,1262,-1
7,550,462,DHBQV,10/25/21,1765,53,-1
8,523,135,YNOCD,12/8/21,373,1876,-1
9,13,1951,OBYXN,11/12/21,124,1821,-1
10,701,329,CPYSX,8/14/21,1855,566,-1
11,265,1401,GZNAP,9/25/20,121,1291,-1
12,318,1192,WVPAK,8/10/21,1189,1740,-1
13,94,2806,UHYJT,4/18/21,1876,1853,-1
14,779,1012,BCJGQ,10/27/21,571,1592,-1
15,485,1985,XKHXT,4/20/21,673,1975,-1
16,674,1995,VWURV,7/24/20,992,1259,-1
17,981,686,XLNKN,11/27/20,1917,1627,-1
18,156,2775,TRCIZ,8/16/20,800,723,-1
19,331,2407,WEZOL,1/3/20,956,226,-1
20,188,381,OGTSW,10/28/20,1480,1929,-1
21,538,1013,RGEFT,3/8/20,1144,1358,-1
22,474,2667,WBRDW,4/20/20,1184,1532,-1
23,491,1934,LRLBR,12/5/20,1713,164,-1
24,380,359,HBBNR,5/2/21,1433,1381,-1
25,580,2510,GAVFU,11/17/21,143,1640,-1
26,283,1833,XOIAD,10/31/20,1535,225,-1
27,439,682,ENWYG,1/27/20,725,202,-1
28,44,2547,OSPFG,9/27/21,1659,600,-1
29,258,582,LUUAE,3/29/21,1873,964,-1
30,358,486,ORQTA,6/9/20,610,1571,-1
31,620,2637,PEURG,4/4/20,1447,883,-1
32,691,2559,AAXNH,12/20/20,1351,676,-1
33,845,692,NGSDG,1/5/21,362,702,-1
34,86,1111,SJTQG,11/16/21,1930,213,-1
35,353,2062,BUGWH,2/6/20,1812,932,-1
36,227,49,UBFJL,6/24/20,1794,669,-1
37,654,2848,GRBSS,2/25/20,165,876,-1
38,248,1363,GFUHF,6/3/21,1538,196,-1
39,967,2226,LXZBA,6/10/21,1197,480,-1
40,665,2228,EMESO,9/5/21,1790,1387,-1
41,494,2178,TSRYT,1/22/21,1009,1382,-1
42,877,963,WXSRV,4/23/21,1342,409,-1
43,636,1386,BQLMG,8/9/20,1315,1826,-1
44,733,2260,IDYLW,2/27/20,692,146,-1
45,619,1195,MHDLG,6/1/21,499,725,-1
46,866,573,QUTGW,6/21/20,116,662,-1
47,557,160,CIDAK,7/24/20,994,1341,-1
48,902,1110,DFNDN,7/16/20,1296,1268,-1
49,724,760,GWSDD,1/15/20,863,724,-1
50,974,2588,NPSZG,9/7/21,1697,1668,-1
51,552,1668,WPYAF,12/31/20,559,1147,-1
52,580,2815,IZWWY,4/18/21,1195,777,-1
53,528,320,FQJCG,7/13/20,1611,540,-1
54,661,2076,VCZNF,3/12/20,1217,524,-1
55,576,1481,AORTU,3/20/21,780,1679,-1
56,836,1256,XMQLI,2/23/20,1573,405,-1
57,878,1425,FZSHN,12/7/21,1408,1609,-1
58,796,1800,AQXFQ,12/17/21,673,1847,-1
59,787,667,JKLNL,12/12/21,1707,752,-1
60,575,1277,JGJPV,7/24/21,633,76,-1
61,454,1884,KCCCI,9/24/21,1692,116,-1
62,145,534,ZPOGA,2/26/21,1671,898,-1
63,120,538,FWWEE,6/27/21,1028,1265,-1
64,22,1636,ZQNJU,6/11/20,519,1474,-1
65,443,3041,XVWVM,1/19/20,1854,1714,-1
66,14,1708,BUVEB,8/4/21,1929,876,-1
67,358,2489,RWXSP,4/24/20,119,420,-1
68,637,1432,WSOTM,3/2/21,751,756,-1
69,345,1557,YWWIN,11/23/21,325,1269,-1
70,64,735,TUBNB,3/25/21,1060,1377,-1
71,201,2567,QIUKY,3/6/21,63,1291,-1
72,926,2309,TATAV,7/6/20,1528,220,-1
73,362,191,QPLWV,4/15/20,1586,1175,-1
74,207,598,OYSFJ,5/17/21,760,1430,-1
75,17,574,BGEPW,4/8/20,549,473,-1
76,161,421,IVKZK,11/5/21,1747,1018,-1
77,37,3023,JDUEY,12/10/20,1028,1181,-1
78,946,3027,GNGGN,10/4/21,1154,773,-1
79,505,67,GHVFX,11/6/20,1040,749,-1
80,550,1622,HNLUM,4/14/21,1204,203,-1
81,65,1445,REPMP,2/1/21,1672,1970,-1
82,668,3037,APRRA,1/31/20,1423,849,-1
83,548,1605,GQDUZ,2/28/21,319,976,-1
84,390,146,WREUV,5/6/21,237,829,-1
85,748,2484,FFEYW,10/10/20,244,1498,-1
86,676,2887,AGILX,1/24/20,13,1252,-1
87,574,1738,WUMZS,5/16/21,788,1881,-1
88,763,2167,XPRUU,11/7/21,928,1014,-1
89,360,694,PCHXE,9/28/21,1160,481,-1
90,51,2090,KHFFZ,5/4/20,232,1656,-1
91,851,1924,RTRMH,12/3/21,102,52,-1
92,869,378,JWAYU,7/23/21,689,472,-1
93,209,932,HVMAE,4/13/21,909,880,-1
94,117,2644,VUVBK,9/4/21,1593,1587,-1
95,22,80,FWTBQ,9/30/21,1584,656,-1
96,754,1805,QJDPT,6/25/21,1222,269,-1
97,877,980,XORDI,9/21/20,1644,1439,-1
98,395,2035,YQDLR,7/9/20,948,982,-1
99,578,1481,RIIRL,4/16/21,1601,1016,-1
100,98,782,EKXTX,7/12/21,472,1473,-1
101,350,1712,HJAFI,12/20/21,695,8,-1
102,932,1724,YAHCY,8/1/21,116,361,-1
103,614,789,XCZBO,3/12/21,1757,920,-1
104,401,1502,ANINE,1/19/21,234,608,-1
105,224,1643,XCGOA,3/11/20,1427,230,-1
106,319,1547,AHHQZ,11/16/20,1433,586,-1
107,352,2083,TPKLP,1/26/21,1444,1223,-1
108,716,2626,MFODL,7/20/21,1984,1811,-1
109,454,678,UKKOT,3/8/20,908,541,-1
110,362,2240,VIVOK,5/30/21,1147,1549,-1
111,876,1862,SMIKL,8/18/21,1260,430,-1
112,157,2431,GUGMT,5/21/20,89,384,-1
113,624,974,IMCIT,6/16/20,1888,1840,-1
114,142,1057,JSJWW,3/15/20,617,1913,-1
115,590,604,TNPHU,3/24/20,350,1183,-1
116,979,2560,QDQBL,11/12/20,1652,1295,-1
117,110,1976,SUVQO,7/24/20,116,712,-1
118,986,840,VOQZG,8/13/20,1020,179,-1
119,123,2772,LSGZT,5/30/20,1258,1251,-1
120,145,727,MYJIM,2/3/21,810,137,-1
121,931,190,TWEJN,8/26/20,1475,1977,-1
122,263,910,JJYIR,6/30/21,244,538,-1
123,165,2137,YSENG,1/21/21,224,1663,-1
124,970,1357,RJLJQ,1/4/21,150,502,-1
125,75,101,PVDTS,7/21/21,1546,1173,-1
126,232,215,EVKNG,1/18/21,1298,459,-1
127,615,1667,SHWXI,6/18/21,1600,422,-1
128,824,712,GPGVY,2/27/21,176,740,-1
129,332,1527,WMBDH,4/8/20,694,1854,-1
130,323,1420,ODRMU,3/23/21,431,1767,-1
131,453,2504,SMLRH,5/22/21,1449,337,-1
132,520,1198,TGLLW,12/1/21,885,1845,-1
133,85,2197,VXKFH,6/7/21,1048,1388,-1
134,542,568,IILYH,5/28/20,1732,802,-1
135,486,961,XBUPL,10/15/21,940,1854,-1
136,449,1076,UQTKP,2/18/20,708,992,-1
137,547,110,DBVKL,7/8/21,1384,1111,-1
138,927,1613,WEHTM,3/8/21,712,438,-1
139,67,216,VKZSH,5/31/20,1145,1620,-1
140,858,1083,SHYXP,11/12/21,933,1444,-1
141,188,240,DRAWO,8/17/21,1577,1022,-1
142,767,2530,ZABHV,4/20/21,1453,338,-1
143,373,2146,SISEP,10/24/20,620,497,-1
144,927,236,HVXTV,4/13/20,959,892,-1
145,925,93,BXRQV,12/6/20,356,1190,-1
146,568,275,NMVBK,1/4/20,1907,459,-1
147,75,1515,PKECV,8/1/21,1022,552,-1
148,784,2186,ILZWX,8/25/21,1283,1168,-1
149,559,794,YRMUD,1/16/21,1895,1471,-1
150,162,2501,ZHQHW,7/7/20,1520,1947,-1
151,472,1652,TOJPQ,3/21/20,947,1906,-1
152,170,1292,MXWYN,6/23/21,1142,488,-1
153,74,1181,XYUZS,2/5/20,1507,1132,-1
154,291,800,SQDOT,12/9/20,627,421,-1
155,840,2499,GBKSW,5/25/20,1355,1016,-1
156,390,1657,GLCXQ,7/22/20,803,858,-1
157,571,1510,YTYOM,3/21/21,1898,941,-1
158,491,2,RUAAT,12/19/21,1379,1901,-1
159,43,166,XAQNY,12/31/20,922,1395,-1
160,635,2324,LRKXX,3/26/21,1554,558,-1
161,417,2689,JMPZL,11/7/21,1379,1070,-1
162,119,2438,MHWRH,10/18/21,175,1060,-1
163,337,2496,AIEPO,11/30/20,1806,428,-1
164,591,903,ALMOB,9/7/20,436,790,-1
165,373,2832,ITSUX,5/11/20,1004,189,-1
166,76,1672,UVIQN,10/1/21,1963,714,-1
167,346,170,BPTIC,5/15/20,1002,1,-1
168,224,2156,SXCOX,7/16/20,879,819,-1
169,232,2496,FZQML,1/27/21,116,689,-1
170,868,1670,HTHFY,12/20/21,1130,936,-1
171,655,2270,JZVSG,3/2/20,610,586,-1
172,395,1424,CVTAR,12/31/21,1880,1215,-1
173,284,197,KOHMB,11/21/21,230,994,-1
174,351,1822,ADWJE,10/31/21,407,573,-1
175,565,632,BKCHE,8/24/21,742,791,-1
176,201,239,WYYQW,4/4/20,1879,1631,-1
177,316,3013,HRXSA,4/21/20,1899,1112,-1
178,124,214,BJVAV,8/5/21,614,1015,-1
179,591,2270,IOGMM,6/24/21,1407,240,-1
180,718,678,ORNEW,8/24/20,893,1089,-1
181,354,948,PEGYG,11/1/21,1409,1415,-1
182,219,3007,GNFXP,8/22/20,109,134,-1
183,714,2242,JZWHP,4/20/20,1991,1769,-1
184,51,956,QAWLW,6/12/21,1393,894,-1
185,816,2985,IRZYI,9/25/20,1217,30,-1
186,252,44,XCAEW,11/22/20,320,1404,-1
187,48,2509,VWISB,6/12/21,1657,1287,-1
188,64,2481,XJQEF,6/10/20,116,206,-1
189,933,140,OAYAB,3/30/20,1889,778,-1
190,928,1059,BHAPL,11/1/21,290,1854,-1
191,667,1943,YOVAD,5/10/20,346,1656,-1
192,987,632,TIRSU,7/18/20,1060,1263,-1
193,687,319,OGVUF,8/18/21,904,647,-1
194,352,428,XZNYK,10/9/20,1620,334,-1
195,634,801,HYTAS,9/8/21,1037,1673,-1
196,254,1098,HBFME,9/14/21,1310,1260,-1
197,883,2801,LDRXV,10/15/21,530,575,-1
198,89,1453,KDSNR,5/11/20,1233,1047,-1
199,713,703,GXFHJ,5/24/20,1150,1465,-1
200,552,1449,MBTNY,8/11/20,675,1199,-1
201,309,2372,KKGOH,10/11/21,1986,846,-1
202,739,2019,BHDCV,4/24/20,1061,1703,-1
203,980,2291,WDYHU,10/16/20,1719,328,-1
204,365,2187,SYVWB,11/23/20,1910,14,-1
205,657,1005,BSPYQ,11/7/20,84,659,-1
206,964,1765,KXJIJ,12/22/21,12,1677,-1
207,314,2615,SMNJL,2/19/21,393,1892,-1
208,789,240,DSHYL,8/22/21,823,0,-1
209,68,2354,RCYGF,4/4/20,1226,986,-1
210,198,48,TAWJE,2/19/20,357,42,-1
211,807,476,SPBTZ,12/20/21,939,1950,-1
212,258,1080,ALLNY,11/1/20,1247,368,-1
213,721,2968,ZMKNQ,1/5/20,1768,823,-1
214,124,1720,DUGYU,8/21/20,1352,1482,-1
215,504,2408,DTJPI,1/3/20,303,1864,-1
216,569,1621,PMAXG,11/6/20,1897,1913,-1
217,68,1149,ONYTM,9/27/21,637,1758,-1
218,471,111,OSFVW,9/13/21,420,258,-1
219,470,3040,QHGWR,1/10/21,385,791,-1
220,654,2405,WCDUK,12/7/20,38,491,-1
221,447,1790,XKYUQ,2/16/21,1802,1632,-1
222,112,2471,GEVTW,7/8/20,165,278,-1
223,309,1437,XHYSY,6/30/21,880,1542,-1
224,140,2041,FMILC,11/3/21,24,633,-1
225,49,433,DPHGJ,1/3/20,22,178,-1
226,854,477,XSEET,7/20/20,1958,517,-1
227,417,265,HRFFA,3/8/20,1532,1800,-1
228,939,267,QNTMT,8/10/21,1634,1282,-1
229,313,920,LBHWA,7/7/21,1784,1445,-1
230,356,2240,HJVMK,4/3/20,292,1937,-1
231,309,2367,JCVIS,11/21/21,983,222,-1
232,435,182,RYLQC,3/23/21,343,1760,-1
233,514,1454,RWRBX,9/17/21,644,1173,-1
234,554,2350,KGWCQ,2/22/21,1259,1822,-1
235,919,1685,KSKJC,10/26/21,600,398,-1
236,671,2988,RAEIS,11/14/20,1865,1511,-1
237,800,309,WKVZL,11/9/20,1490,968,-1
238,448,56,POTIE,2/9/20,1109,508,-1
239,360,214,WLFDA,5/30/21,127,443,-1
240,388,1048,ECZUU,11/15/20,526,895,-1
241,861,483,VQLEH,4/5/21,47,28,-1
242,915,2819,BNSGS,9/4/20,474,684,-1
243,226,241,LIRDV,9/28/20,1878,1213,-1
244,421,323,FAAVL,2/17/20,122,11,-1
245,280,2379,QMCBW,7/2/20,1449,263,-1
246,932,234,OTLWG,9/1/21,1645,1327,-1
247,39,44,XESGW,5/23/20,1746,1210,-1
248,89,2472,DZOOZ,4/14/21,304,1821,-1
249,939,2718,EDXZU,4/12/20,1021,1990,-1
250,672,1397,LWIKI,5/5/20,45,453,-1
251,959,494,EPMWS,12/8/20,1365,122,-1
252,289,2447,COMRB,8/26/21,1348,1417,-1
253,445,304,YQEWV,11/20/20,1942,1670,-1
254,709,58,WKMPP,6/15/20,1131,1458,-1
255,78,2722,CPAUV,8/9/21,109,935,-1
256,454,1433,PMRAQ,1/5/20,666,1709,-1
257,344,576,UOJDN,4/24/21,1599,1254,-1
258,87,2795,WUYYQ,5/30/20,1763,1836,-1
259,112,2843,ESAWN,10/23/20,460,1477,-1
260,274,2824,KYENM,10/19/20,1486,1541,-1
261,668,1745,BKRQL,9/6/20,1827,1914,-1
262,574,2257,GXTJW,1/10/20,1319,1904,-1
263,708,906,NGTCR,8/31/21,1739,107,-1
264,319,1481,KOIPR,6/4/20,1381,261,-1
265,650,3024,SHKLM,7/17/21,86,627,-1
266,697,490,ZHCJM,9/20/21,1645,1315,-1
267,985,2502,SJREL,8/27/21,552,39,-1
268,347,774,JXJXT,3/28/21,886,192,-1
269,946,2536,XFIIZ,3/20/21,1275,246,-1
270,934,373,NHSFJ,6/3/20,1855,240,-1
271,772,1878,BAXYM,6/25/20,260,1468,-1
272,627,1336,CAAYU,7/2/20,1010,1494,-1
273,712,2522,APAVC,3/25/21,784,985,-1
274,348,403,SLIOW,11/16/21,126,934,-1
275,148,1497,NAJHD,1/9/21,1455,1633,-1
276,685,897,ALFDU,4/10/20,8,914,-1
277,971,304,SUJIW,10/1/20,221,346,-1
278,689,809,INZNO,10/29/20,1161,999,-1
279,589,656,MKWMD,6/23/20,397,1411,-1
280,601,2837,NMNRB,4/13/21,946,1451,-1
281,105,181,CHWKW,7/10/20,312,1287,-1
282,738,652,XVFLY,3/6/21,1584,874,-1
283,632,2555,CMVXC,7/2/20,1193,1647,-1
284,322,433,RMZRD,5/31/21,1234,1960,-1
285,639,2893,XHPEU,11/24/21,1689,1638,-1
286,535,818,SCMME,5/31/20,1959,453,-1
287,652,2957,PMRIN,10/16/21,476,729,-1
288,479,639,PGDGG,10/4/20,372,691,-1
289,906,2330,SUXIP,11/25/20,1777,1770,-1
290,570,1916,MMAFG,10/15/20,845,1,-1
291,340,121,JPOZJ,7/2/20,1914,1338,-1
292,945,606,UDFAG,6/12/20,931,673,-1
293,992,366,DRZQG,5/27/21,877,978,-1
294,881,1292,BHWJF,3/7/20,1673,136,-1
295,539,1822,XVTQH,2/13/20,755,1925,-1
296,159,1589,KEGCD,1/25/21,788,752,-1
297,726,501,VVIGD,12/19/21,718,737,-1
298,331,645,PFAPL,7/20/21,625,1037,-1
299,73,703,YVEYU,12/13/21,135,1788,-1
300,614,579,TIHQD,3/24/20,1598,542,-1
301,555,2208,GVIKG,7/3/20,1928,494,-1
302,248,895,QFRRP,8/9/21,877,748,-1
303,911,1304,TUSMG,4/11/20,1792,499,-1
304,182,2276,VFIRS,6/24/21,598,669,-1
305,290,1517,UIMDI,10/21/21,17,1082,-1
306,407,522,WUNPO,9/6/20,1282,1294,-1
307,185,3021,QKWXM,11/16/20,655,1819,-1
308,670,351,WENUX,7/5/21,648,1347,-1
309,541,1476,OKNCD,11/10/21,1684,1726,-1
310,886,1554,PWUOI,6/15/20,1406,611,-1
311,747,2564,NSTPS,3/10/20,701,903,-1
312,970,2772,MRKXU,12/13/21,398,882,-1
313,726,2691,LWNOP,8/8/20,1145,1308,-1
314,344,2212,LDZTK,10/14/20,682,835,-1
315,644,2452,KJXOC,5/14/21,1154,518,-1
316,872,1773,YQBFY,3/20/20,1810,1700,-1
317,736,2136,DDORM,11/7/21,1262,624,-1
318,84,1117,LDWAQ,1/27/21,1049,10,-1
319,505,1112,CZQWD,4/2/20,1306,642,-1
320,886,1749,CFMZY,7/4/20,1999,195,-1
321,657,680,XYZMD,1/18/21,681,1896,-1
322,246,627,PYLNA,6/25/21,1224,228,-1
323,644,2797,XKTCJ,1/29/20,336,1604,-1
324,748,1330,VAGDY,3/8/21,709,1222,-1
325,738,830,HVYOD,1/11/21,757,185,-1
326,763,502,IFFMB,10/4/20,1607,1887,-1
327,578,2959,FXFKE,8/22/20,766,845,-1
328,452,1344,QEVEG,12/27/21,1824,141,-1
329,873,775,QDTHA,7/25/20,1249,1135,-1
330,372,664,KPDIL,12/1/21,1830,1847,-1
331,887,746,GYQLH,5/3/21,1772,1919,-1
332,967,2141,NKXLD,8/1/20,1650,1378,-1
333,381,854,AWEGC,5/25/21,534,1958,-1
334,388,2829,TYLJS,10/26/21,1791,315,-1
335,995,2035,ZTZIO,6/18/21,1615,831,-1
336,125,53,XWCCB,11/13/20,283,168,-1
337,175,184,VDLEY,9/21/21,1788,520,-1
338,198,2198,MRVWI,8/14/21,1056,1994,-1
339,136,234,ZQHFJ,9/8/20,749,671,-1
340,605,2299,RRGDN,5/31/21,1881,268,-1
341,496,862,JWJSS,12/11/20,1696,149,-1
342,53,2850,SMOHN,6/29/21,869,455,-1
343,680,1514,ZRDYV,6/19/20,65,1907,-1
344,306,2680,ALJOB,12/22/21,1962,1057,-1
345,203,2434,NQZZW,10/18/20,868,96,-1
346,573,2227,KDYUL,6/26/21,304,1627,-1
347,269,2657,FIJWU,1/3/21,1202,772,-1
348,446,1451,CQZKG,1/6/20,392,702,-1
349,219,2891,DHPNU,11/21/21,573,1779,-1
350,213,969,KPPTY,1/3/20,31,1318,-1
351,949,2557,QDTCZ,5/15/21,448,773,-1
352,829,947,SDVHC,4/6/20,984,1119,-1
353,960,1966,EZUPU,8/6/21,1462,764,-1
354,207,1780,QHSSU,7/29/21,772,355,-1
355,601,1336,AIXFI,6/2/21,92,911,-1
356,283,2757,LDRMM,5/5/21,594,1467,-1
357,581,2041,KNPWR,11/25/21,1816,1816,-1
358,211,1051,DGPST,10/7/21,762,1883,-1
359,869,1067,LNYGB,8/17/20,1470,44,-1
360,815,2758,NEVYT,5/31/21,1687,1877,-1
361,293,851,AQUWX,1/6/20,1684,470,-1
362,103,2217,UQTTF,2/21/21,1775,68,-1
363,882,751,AAJXY,4/11/21,338,264,-1
364,47,1222,BJANQ,3/16/21,1307,417,-1
365,426,2353,NWDXR,5/2/20,95,1503,-1
366,843,86,MRQEO,5/2/21,1382,1097,-1
367,457,119,RFMAF,3/10/20,493,1991,-1
368,555,1740,QYVYQ,7/5/20,410,1139,-1
369,951,552,HWEJU,1/12/20,1828,1637,-1
370,784,2242,AUHKJ,12/1/20,1573,569,-1
371,511,2429,JZFBF,10/4/20,1554,427,-1
372,830,309,OZKMX,9/29/21,100,494,-1
373,196,2378,SEMPJ,7/7/21,397,1659,-1
374,515,2846,CFVUM,3/3/21,1547,1360,-1
375,886,644,LBSHN,4/8/21,1544,601,-1
376,136,2038,BJZLW,1/16/21,594,1981,-1
377,371,1859,EMNZJ,8/7/21,1301,1349,-1
378,279,1442,ABDUR,6/26/20,1273,722,-1
379,205,224,MFGZR,11/7/20,1286,1964,-1
380,953,2277,RHSNF,1/2/21,512,1486,-1
381,595,537,QWFJV,8/23/21,254,948,-1
382,333,2834,WKYVB,12/15/20,1733,674,-1
383,232,2815,JENSX,12/1/20,1691,701,-1
384,551,1009,OIOLE,3/2/20,408,1224,-1
385,930,957,FKWRY,5/2/21,1024,1285,-1
386,649,2570,PWEKB,5/19/21,1405,1257,-1
387,812,699,SLBPJ,10/12/20,936,176,-1
388,364,1682,YYWVW,1/10/21,799,1060,-1
389,560,598,EOVIR,8/7/20,828,1049,-1
390,816,2222,IVEPO,6/3/20,1768,1322,-1
391,68,1997,UPXYV,6/16/20,202,1095,-1
392,891,843,EZBEA,10/24/21,956,1822,-1
393,863,2843,CENVO,9/24/21,1647,265,-1
394,97,1830,DIDWQ,10/9/20,1978,358,-1
395,428,2399,YWZEE,2/17/20,1844,1286,-1
396,229,2829,SXUEL,7/9/20,1936,1621,-1
397,603,750,BZYRR,1/12/20,949,1309,-1
398,398,2052,LUEOO,11/29/21,567,637,-1
399,465,1006,XKUYE,11/29/20,1783,1256,-1
400,229,2371,VGOAN,11/28/20,1686,259,-1
401,287,248,HPTZF,10/8/20,879,1475,-1
402,143,1440,QVUKH,5/14/21,1257,556,-1
403,56,1794,XEIHT,12/15/20,1468,13,-1
404,903,1376,YSFMD,10/5/21,295,1291,-1
405,234,1798,XQMAJ,5/27/21,1806,739,-1
406,251,711,UXRLO,12/31/21,1894,780,-1
407,487,1773,LHCPJ,5/3/20,1437,904,-1
408,947,2482,HDTQV,9/29/21,599,865,-1
409,762,1868,GZHXM,8/2/21,1260,231,-1
410,585,1647,BTQGL,3/28/20,29,534,-1
411,726,277,KTCKQ,11/3/21,561,1786,-1
412,945,2533,TOXID,11/6/20,429,381,-1
413,339,136,UJMJX,1/10/20,1075,1429,-1
414,248,1830,FGYFN,12/21/20,1096,2000,-1
415,434,582,RWHUS,5/5/20,112,632,-1
416,455,385,ZFVMA,3/25/21,1133,438,-1
417,444,60,TLXML,3/6/21,1514,569,-1
418,619,2513,RTQGQ,7/13/21,968,1233,-1
419,801,1292,PRKBQ,10/5/20,800,1061,-1
420,813,1353,JAIOE,2/12/20,656,204,-1
421,988,1099,JCROQ,4/21/21,733,1427,-1
422,163,1133,CPNSO,2/12/21,1775,507,-1
423,403,2143,NRCDZ,12/31/20,1778,1756,-1
424,583,2202,SAVXF,8/29/21,1817,411,-1
425,54,717,JJEHD,12/23/20,376,710,-1
426,984,546,MLWWS,7/20/21,1589,597,-1
427,46,2190,VMZWF,4/8/20,785,308,-1
428,397,66,YBUQL,5/29/20,1030,1921,-1
429,927,1272,OLXGU,2/20/20,1060,996,-1
430,320,1846,OLLWV,11/6/21,33,1934,-1
431,802,976,UACAW,3/26/20,984,1995,-1
432,510,125,ILGZA,10/16/20,864,1311,-1
433,701,1522,TEZWK,10/9/21,1334,1768,-1
434,986,60,IWKUJ,5/30/20,293,1910,-1
435,443,1407,RABFU,12/28/20,1707,9,-1
436,497,1893,YMPKG,2/18/20,709,401,-1
437,318,1249,UUITA,7/11/20,1727,1593,-1
438,782,452,OROGP,5/3/21,586,955,-1
439,435,987,JDISO,8/23/21,1506,1674,-1
440,495,1921,LHNHI,3/13/20,825,1513,-1
441,192,2501,SYTOF,1/19/21,903,536,-1
442,105,2257,QHJUC,1/5/20,1907,1161,-1
443,741,858,HFDDZ,4/22/21,703,660,-1
444,79,2145,PYSOF,9/8/20,922,728,-1
445,210,746,XWMLS,6/24/21,581,1909,-1
446,678,325,HOGFT,12/27/21,389,1988,-1
447,465,2389,RGKTF,3/21/21,1487,1314,-1
448,467,887,STDHW,12/1/20,1321,615,-1
449,334,1947,VREYM,10/27/20,1538,1378,-1
450,659,2740,QWIGB,7/29/20,916,1392,-1
451,675,2342,LRQMD,2/26/20,447,598,-1
452,806,1211,DAKTC,8/19/20,9,1870,-1
453,844,2761,VMNEU,4/20/21,1256,251,-1
454,714,1592,KKNAT,11/2/21,517,930,-1
455,732,2831,GQBSX,3/3/20,685,1064,-1
456,764,2159,EMAFU,11/7/20,409,1745,-1
457,332,2038,XRWXK,12/27/21,368,835,-1
458,66,382,MRQRZ,9/12/20,668,769,-1
459,221,2763,XUAMG,7/31/21,640,1963,-1
460,899,261,COGFZ,10/20/21,1774,43,-1
461,16,2966,QLSKI,12/12/21,79,1384,-1
462,514,144,ECPQX,10/18/21,1441,949,-1
463,891,239,FMDSJ,10/3/21,350,1287,-1
464,746,1170,EVOTR,9/7/21,543,35,-1
465,398,838,BXHWC,5/22/20,1679,471,-1
466,207,100,XXHIU,7/3/21,1820,1647,-1
467,678,497,ZZMHZ,9/26/21,1610,1062,-1
468,498,2116,XEWCX,6/30/20,1642,1976,-1
469,414,1050,XINEF,6/3/21,1228,322,-1
470,178,472,TPOSM,6/1/21,797,759,-1
471,5,176,JEJAQ,1/14/20,1005,1733,-1
472,367,38,FKQUD,3/19/21,2000,1686,-1
473,876,1755,GETUX,9/6/20,1139,914,-1
474,752,2387,DWWYB,3/6/21,988,1187,-1
475,47,1061,DKAVU,9/2/21,1382,1758,-1
476,990,484,KEZRM,10/14/21,913,1324,-1
477,346,2047,UMWFO,8/21/20,1505,966,-1
478,888,375,ABEVX,12/6/21,166,1869,-1
479,795,1273,XGQPD,9/13/20,1980,1375,-1
480,470,139,GCDAH,9/8/21,697,290,-1
481,443,659,TUUSX,1/10/20,314,1055,-1
482,679,711,TBGQF,9/25/20,1587,1490,-1
483,986,387,QGVFF,1/15/21,1533,1682,-1
484,982,1973,IMFOJ,2/17/20,291,1357,-1
485,587,1881,ELHTY,10/2/21,1144,768,-1
486,281,1405,XPNQD,2/2/21,1173,1227,-1
487,18,2562,BKNIN,8/9/21,176,1670,-1
488,216,270,GLXRZ,12/27/20,754,545,-1
489,119,1769,ZPCQO,6/9/20,1669,1114,-1
490,921,244,HCRJX,9/10/21,981,1048,-1
491,450,2475,KEGLY,12/16/21,1099,1372,-1
492,783,1684,QGHUD,4/4/21,483,1604,-1
493,431,50,WVBKV,8/5/21,1284,224,-1
494,624,1719,DQRZT,4/30/21,1076,1717,-1
495,378,2988,OXGFU,2/6/20,1867,295,-1
496,179,1067,DKPHQ,11/26/21,263,1485,-1
497,885,2006,YBGCR,7/9/20,347,973,-1
498,968,749,NOQIV,2/21/21,586,236,-1
499,994,585,FDUAT,6/13/21,1935,1707,-1
500,377,1175,TSGKP,6/24/20,1197,964,-1
501,123,2430,VWPME,12/12/20,372,263,-1
502,503,2742,SKVNF,11/6/20,654,459,-1
503,701,2617,LKWUK,8/31/21,1031,1929,-1
504,692,2903,CRTUL,2/3/21,1919,1553,-1
505,70,2940,OLUNY,10/24/20,831,979,-1
506,412,1415,QYCHS,12/10/21,237,1008,-1
507,301,871,EZXPP,8/27/20,1793,1590,-1
508,854,1579,JFYFA,11/11/20,1632,618,-1
509,894,1597,MDSXE,7/5/21,1374,1012,-1
510,981,916,PWJRU,1/16/20,503,960,-1
511,132,1187,XVNZF,2/19/21,803,958,-1
512,333,2219,ASSVH,9/10/21,1384,1290,-1
513,612,459,ZTSYE,4/6/21,888,1498,-1
514,472,1577,MIYAM,2/22/20,905,1849,-1
515,737,1177,XYRUL,5/30/20,1596,414,-1
516,893,1962,UULMG,12/12/21,442,1126,-1
517,577,1474,GHWMD,2/22/20,1619,894,-1
518,557,2374,JFMRQ,1/16/21,627,1140,-1
519,609,1680,EOYTW,4/20/20,557,1165,-1
520,220,1843,WPSAT,12/27/20,1344,1579,-1
521,163,698,JSGQB,1/21/21,1210,1413,-1
522,671,1141,LWFLW,1/17/20,1873,638,-1
523,89,751,SOGIQ,11/2/20,1600,647,-1
524,467,2203,CTZFX,8/30/21,530,162,-1
525,527,2236,RNCCT,6/9/20,1015,253,-1
526,603,73,KQQZT,8/2/21,952,625,-1
527,624,1755,CAYWV,8/1/21,1701,826,-1
528,40,1800,RUYFZ,11/29/20,304,341,-1
529,840,2642,MRZFB,5/24/21,1751,1374,-1
530,762,834,RKBAX,2/8/20,377,1047,-1
531,910,1431,QJGWP,5/25/20,860,303,-1
532,976,555,NQMYI,1/28/21,912,921,-1
533,247,1060,APPXG,4/8/21,284,289,-1
534,710,641,ROQWI,4/27/20,1346,1582,-1
535,203,2693,SODXV,9/21/21,1164,1059,-1
536,232,317,OFRDT,2/12/20,1085,850,-1
537,535,2969,RHFER,12/16/20,829,1268,-1
538,904,1775,IVVCN,8/22/21,1086,1873,-1
539,72,2472,GEEEZ,9/23/21,753,639,-1
540,679,1084,BJEID,11/20/21,1953,482,-1
541,25,198,VZBFL,9/26/20,1862,782,-1
542,751,2760,SPNRZ,5/21/20,1257,615,-1
543,401,321,IGQRB,5/17/21,508,1236,-1
544,972,1919,WJUNH,12/24/20,1929,994,-1
545,465,508,DCZFE,9/7/21,1680,1324,-1
546,582,649,HJGBG,3/4/20,98,17,-1
547,354,195,HXAJZ,2/26/21,773,998,-1
548,376,2392,OGRUJ,6/9/21,1941,1485,-1
549,273,611,DLYCK,8/26/21,723,1619,-1
550,865,993,CNBOV,10/11/20,1587,1884,-1
551,744,686,BRSKU,2/16/21,1622,1133,-1
552,111,304,MRBUG,1/12/21,1421,1495,-1
553,596,617,XYPZQ,6/28/20,889,340,-1
554,598,2013,JWWVZ,8/29/21,767,1558,-1
555,468,1175,TDYDQ,5/3/21,1829,1300,-1
556,824,2785,OQQUW,12/26/21,203,90,-1
557,744,2115,UHUHP,2/13/20,1073,1667,-1
558,45,1099,ZGAML,2/29/20,714,1136,-1
559,952,420,QVGRR,3/23/20,443,121,-1
560,966,2412,GPOKF,12/7/21,1429,484,-1
561,758,1183,AOTYF,10/7/20,384,185,-1
562,183,2291,NMEXP,6/22/21,657,922,-1
563,187,2212,CMPXH,7/28/21,1364,674,-1
564,349,296,UFWBH,8/12/20,1851,1452,-1
565,127,2915,SUBDL,2/25/20,640,687,-1
566,792,285,MQBUH,11/9/20,1990,966,-1
567,871,953,RMXYE,4/10/21,414,1693,-1
568,596,2581,IXOQU,4/6/20,1698,1473,-1
569,611,2059,ITXXK,3/12/20,1988,431,-1
570,575,287,JGNNX,8/3/21,1321,1913,-1
571,486,1485,AEGRF,1/22/21,1645,1263,-1
572,90,2229,KIREQ,3/3/20,1856,1574,-1
573,619,2996,UGSZO,1/14/20,1275,1904,-1
574,900,921,QAZKS,9/24/20,898,1735,-1
575,145,1558,UXHOU,1/9/21,1687,1373,-1
576,621,227,PTBFX,6/25/21,299,799,-1
577,641,1926,WUHTK,9/12/21,314,499,-1
578,463,1247,AWWFF,4/19/21,85,821,-1
579,520,2223,DGOBA,5/29/20,759,667,-1
580,38,1426,FFULX,4/23/20,1285,649,-1
581,130,1426,BNDLM,6/30/20,355,519,-1
582,655,2222,UTYYF,9/5/21,1874,1349,-1
583,236,1077,FDLAO,2/1/21,1346,1251,-1
584,886,2466,SYGZS,5/2/20,616,840,-1
585,133,1444,FBWNE,11/26/20,1343,960,-1
586,464,945,CLMCW,5/15/20,942,310,-1
587,847,1709,ATGHJ,1/7/20,1492,833,-1
588,68,2980,HQMHP,5/30/21,664,1757,-1
589,223,1163,NCRGW,9/9/21,1877,864,-1
590,340,2638,GQDXY,10/29/21,463,1145,-1
591,159,239,OQWEN,9/25/20,1661,23,-1
592,264,1413,VPTYX,5/13/20,1714,89,-1
593,522,1947,UNABK,10/12/20,1994,900,-1
594,656,2358,KWSJF,9/30/20,1234,288,-1
595,677,827,ZJPTY,5/10/21,508,935,-1
596,28,1142,FKVHE,9/4/21,51,329,-1
597,557,1717,JRVGT,6/25/20,124,238,-1
598,299,1055,CZAII,10/15/21,1378,1368,-1
599,811,1257,KLMEX,10/20/20,875,1769,-1
600,205,625,WYEQC,9/17/21,1905,1505,-1
601,835,1899,IJWXE,4/7/20,1222,1636,-1
602,618,725,OBCCN,9/24/21,1656,1689,-1
603,214,1261,QVHRA,4/7/20,1806,1911,-1
604,310,1882,YJGEL,7/14/21,527,1864,-1
605,375,2709,WJPCL,8/22/20,24,1142,-1
606,25,1691,IYBUQ,7/25/21,1764,832,-1
607,154,1045,DUSMP,9/13/20,999,957,-1
608,509,2018,GRXVQ,9/9/20,1214,1364,-1
609,393,2569,HOOKM,9/16/20,1991,854,-1
610,753,1373,AWBRP,6/13/21,1638,133,-1
611,669,1951,XXSSS,10/26/21,129,1598,-1
612,658,1287,OBDSS,6/2/20,614,976,-1
613,782,1353,GPOSW,5/13/21,239,241,-1
614,849,2589,FOVPK,10/13/20,942,1705,-1
615,600,1651,SAQLF,11/5/21,1526,913,-1
616,860,396,LQIWI,7/13/21,964,1651,-1
617,193,107,IUZMZ,2/21/21,1849,839,-1
618,739,417,ELDUU,2/1/21,462,1281,-1
619,156,489,SNHTT,12/12/21,617,536,-1
620,55,1748,XDNUL,8/5/21,587,302,-1
621,176,212,JRVWC,5/17/21,684,1090,-1
622,675,2169,SXPWY,1/10/21,492,1890,-1
623,307,31,LHAPP,3/11/21,1510,348,-1
624,623,1520,GBILU,2/3/21,983,1075,-1
625,386,115,YDMRZ,8/17/21,1981,414,-1
626,251,2040,CWEHF,12/20/20,1127,152,-1
627,480,200,UCAFQ,7/19/20,962,1822,-1
628,356,1789,VTDFD,5/17/21,1561,1134,-1
629,342,2440,LXZWS,8/19/21,1683,1561,-1
630,149,790,IEOHY,12/4/21,63,119,-1
631,461,508,OBMEK,3/25/20,1352,1472,-1
632,491,939,DTGOX,8/19/20,1115,963,-1
633,109,607,RWRXL,10/20/21,1142,979,-1
634,610,2423,FUSVN,9/13/20,972,957,-1
635,437,1990,AYJFT,8/20/21,1892,906,-1
636,724,2691,ANQTL,2/26/21,729,1002,-1
637,947,2376,XJKHU,11/12/20,548,1850,-1
638,392,34,DGXGD,5/18/21,751,663,-1
639,192,204,UZKER,10/29/20,526,292,-1
640,794,1510,INIVI,2/11/20,496,1977,-1
641,874,2284,LQAVZ,6/22/20,1777,1630,-1
642,890,437,NTGJG,11/14/20,1481,677,-1
643,708,2167,GPXVK,3/21/20,1679,496,-1
644,103,1178,TNRGX,10/2/20,1781,1996,-1
645,148,16,NKINB,3/2/20,1631,1093,-1
646,918,2325,ALNTQ,10/30/21,1416,1483,-1
647,287,2264,TAASA,11/24/21,985,954,-1
648,855,2988,NRNGI,5/5/20,637,870,-1
649,81,320,QEALM,4/4/21,537,1258,-1
650,564,1951,BWDWH,10/17/20,688,1090,-1
651,215,2233,JMOKJ,7/1/20,71,677,-1
652,319,1831,ITBAQ,1/24/20,1714,1562,-1
653,821,395,INAJD,12/30/20,47,1892,-1
654,908,1567,SBBMN,5/13/20,1076,1430,-1
655,193,424,WWUIJ,3/11/20,1702,587,-1
656,828,2996,ZKRGQ,6/1/21,1596,598,-1
657,381,1920,ORWDI,5/27/20,778,502,-1
658,281,1972,VEYAR,7/4/21,997,1106,-1
659,566,2177,VVFQV,10/31/20,607,764,-1
660,853,2021,MDENL,8/10/20,1991,1457,-1
661,665,190,UDKVA,5/7/20,159,327,-1
662,313,423,ZDEXB,10/17/20,1466,685,-1
663,386,694,ARZPR,11/13/20,632,1834,-1
664,236,1345,XAPKN,5/16/20,1221,783,-1
665,484,2957,JHKWV,11/8/21,1351,1154,-1
666,682,1957,CCRMJ,6/18/21,1986,1655,-1
667,486,711,UKJBD,5/30/21,534,1202,-1
668,687,794,GVGGF,9/2/21,146,695,-1
669,150,701,AVJWC,11/15/20,1864,483,-1
670,160,3012,XZDAN,9/15/20,615,460,-1
671,583,1580,SHPYK,11/14/20,1167,943,-1
672,15,117,MNIUM,12/29/21,974,525,-1
673,194,1091,JXPMY,10/4/21,1014,632,-1
674,310,549,ZTFBT,4/16/21,305,1594,-1
675,25,1484,KJFZU,7/7/21,1964,781,-1
676,981,190,ZOTZM,1/25/20,71,1629,-1
677,412,1278,FEKBR,12/14/21,526,290,-1
678,850,2231,FKBGY,6/22/20,709,377,-1
679,981,2267,HWDYA,4/10/20,951,899,-1
680,100,2533,FSGEU,2/13/20,1302,1611,-1
681,676,2256,IEHUY,9/16/20,113,249,-1
682,350,658,MWHVI,5/6/20,1374,1028,-1
683,196,1153,ZXBKB,2/16/20,112,65,-1
684,874,773,IUCNN,8/9/21,1391,726,-1
685,687,1951,JQOUP,7/21/21,1671,1771,-1
686,753,2311,FYLAK,8/16/21,979,828,-1
687,468,321,JLBIJ,10/30/20,1698,378,-1
688,795,2787,CQSNB,5/23/21,1166,583,-1
689,694,347,FCKFS,6/10/21,49,1200,-1
690,650,236,GAGAO,7/10/20,1399,144,-1
691,821,543,AIBTJ,9/23/21,393,1754,-1
692,968,1135,AEEQP,3/13/21,1591,218,-1
693,256,2747,GSCTK,2/12/21,600,760,-1
694,362,109,VOKZZ,11/21/21,1096,1177,-1
695,141,1701,NARPU,5/1/21,1363,1944,-1
696,868,2714,VSIWQ,10/27/21,1222,306,-1
697,1,381,BAQST,12/12/20,1224,1247,-1
698,157,561,SOUPZ,1/13/20,1549,1141,-1
699,82,1927,WWCRB,7/16/20,1307,747,-1
700,425,1892,SJTWQ,6/15/20,482,501,-1
701,386,2303,CQVFE,2/26/21,732,477,-1
702,779,126,NMOEK,11/26/20,1789,740,-1
703,987,1706,DMLGJ,1/19/20,964,1778,-1
704,844,2830,NFHQH,6/6/21,1736,552,-1
705,167,971,SLEKN,1/7/21,1801,1952,-1
706,106,1482,STQRQ,8/27/20,1821,1177,-1
707,358,888,HBGKV,10/20/21,288,94,-1
708,777,788,GXZMB,3/16/21,1484,1294,-1
709,811,831,FPXCV,6/9/20,719,944,-1
710,189,596,JRTOR,7/16/21,1352,1518,-1
711,952,2120,TOBJV,6/26/21,1109,792,-1
712,552,1016,QNZXD,2/7/20,1000,247,-1
713,663,1307,AKCOW,12/13/21,969,1395,-1
714,993,2125,UJIYP,6/18/20,312,491,-1
715,245,2023,JQYXH,11/28/20,1045,768,-1
716,788,1601,ZHSOM,9/2/21,1373,652,-1
717,937,699,BLWEE,11/18/20,1853,1232,-1
718,336,2015,CTJWI,7/31/21,1002,1232,-1
719,626,1,QNAZI,6/22/21,1970,1748,-1
720,4,2931,USGFN,7/23/21,1496,1073,-1
721,73,1164,PRVVE,1/13/20,1375,1107,-1
722,195,2242,LMUCR,10/25/20,1303,1316,-1
723,187,770,LFIYU,6/18/20,1885,94,-1
724,566,2221,GWYBS,2/3/20,373,964,-1
725,376,1196,DHKZY,4/12/21,1648,912,-1
726,904,2536,QQKYF,8/23/20,1890,1813,-1
727,509,2252,LNFAA,8/9/20,865,1921,-1
728,110,3031,HRALW,11/25/20,727,1840,-1
729,917,62,PLTWF,1/31/20,1903,1406,-1
730,581,1012,ZTKYR,1/16/21,1943,1217,-1
731,691,318,JTKLW,3/31/21,1650,1815,-1
732,296,1757,PDBVS,7/4/21,441,268,-1
733,235,2580,FKRVI,9/18/21,1096,1843,-1
734,417,2874,EJASB,1/16/21,50,1328,-1
735,631,1148,MTJPY,10/18/20,1687,1376,-1
736,734,1305,BTXES,5/30/21,93,342,-1
737,797,2756,RRXYR,7/15/20,1750,1439,-1
738,756,2023,ARKSD,6/9/20,1164,1078,-1
739,321,645,DQILX,11/21/20,519,992,-1
740,704,1828,GJYYA,5/29/21,1908,74,-1
741,144,22,ANHRC,2/26/20,479,1965,-1
742,723,1889,TOBPD,12/8/20,1176,1036,-1
743,628,546,VHYGE,6/6/21,223,1532,-1
744,85,1532,WKOIA,9/13/21,875,361,-1
745,897,2028,BYXVN,12/23/21,1611,210,-1
746,871,2977,EQCWI,1/15/20,604,1233,-1
747,688,716,BOHKU,4/24/20,1345,505,-1
748,850,2960,WJIWU,8/12/21,1054,675,-1
749,275,1505,CJTSF,7/31/21,93,1637,-1
750,265,1482,ARSMK,3/22/20,1083,220,-1
751,559,1105,YSDWC,5/8/20,1722,85,-1
752,123,1208,XGUVL,6/1/21,895,92,-1
753,34,2973,BBHFY,6/3/21,602,1920,-1
754,48,193,LVYPU,7/15/20,1596,396,-1
755,629,996,TRPRA,1/22/21,699,430,-1
756,686,977,JQSIA,2/12/21,481,1466,-1
757,125,805,RZKUR,11/16/20,1855,1874,-1
758,399,82,SRNLI,7/4/21,1486,618,-1
759,290,132,XSWLV,4/6/20,946,729,-1
760,726,970,KYFPV,11/30/21,907,166,-1
761,600,257,PZUUA,7/2/20,1166,32,-1
762,728,2246,LCLPZ,11/13/21,0,824,-1
763,152,2400,OCWLC,3/21/20,954,1736,-1
764,365,576,GKYMS,11/8/20,1437,1826,-1
765,616,1690,DHFAT,7/29/20,344,1077,-1
766,383,2551,ZFAJK,2/15/20,559,355,-1
767,231,801,XAMCX,9/20/21,164,1995,-1
768,125,106,SUSHW,5/7/20,62,80,-1
769,827,646,FKBPG,7/13/21,398,1851,-1
770,217,1430,PFDUP,3/18/21,567,1639,-1
771,443,2167,EOSWP,10/11/21,1718,605,-1
772,392,2987,GKNWJ,6/8/20,1696,1203,-1
773,647,1546,YTCTR,12/16/20,564,1219,-1
774,799,749,UPCIQ,3/8/21,656,71,-1
775,952,1739,FHGMW,1/23/21,1893,767,-1
776,851,2139,FITZD,1/28/21,219,993,-1
777,930,262,EECOU,6/5/20,1015,1666,-1
778,970,1982,IRPLM,4/24/20,1294,1371,-1
779,618,2537,XZPGR,11/22/21,73,393,-1
780,134,316,IEQZF,12/11/20,667,405,-1
781,325,709,SRBEG,1/25/21,808,485,-1
782,148,2096,ULWPG,4/2/21,1854,795,-1
783,454,2668,SLUYB,1/12/20,859,1553,-1
784,818,2674,JNWLQ,2/9/20,1205,869,-1
785,265,1156,ISTYN,9/18/21,560,67,-1
786,160,972,AORJG,4/1/20,389,658,-1
787,206,959,ZSJEL,12/4/21,1678,519,-1
788,373,144,JSKLN,6/26/21,1066,1195,-1
789,956,1947,WDBHK,11/23/21,1616,1985,-1
790,893,2386,GENNZ,6/23/21,1893,1565,-1
791,738,721,TNTAY,4/21/21,355,1982,-1
792,252,250,AKZIO,6/6/20,1290,1362,-1
793,391,940,HPLHH,10/22/20,1002,1879,-1
794,682,686,OGKIX,11/1/21,1202,1398,-1
795,931,1163,INGWJ,2/4/20,635,1141,-1
796,417,1096,ROQUM,5/20/21,1559,23,-1
797,487,1079,AYJCR,4/11/21,1549,1097,-1
798,831,936,NRQZW,4/10/20,550,1648,-1
799,405,2236,WRRUQ,5/24/21,1948,1621,-1
800,258,1223,SXNGA,11/6/20,1262,928,-1
801,638,796,CIXJF,9/10/20,461,529,-1
802,813,865,IJEFI,10/13/21,717,1965,-1
803,786,2198,PPWVR,5/26/21,1731,30,-1
804,634,1177,ANWOA,2/1/21,1563,1609,-1
805,931,758,JTXRK,1/2/20,1040,1965,-1
806,538,737,XOFFM,1/3/20,1129,81,-1
807,954,1701,BZUCS,6/17/21,1550,173,-1
808,670,2235,IKUSX,1/10/21,1053,126,-1
809,56,1560,UNYHY,4/13/21,724,229,-1
810,358,1776,LFPGL,1/7/20,386,722,-1
811,359,2132,PDJOT,11/4/21,668,1069,-1
812,169,2982,OKVMO,9/7/20,944,1052,-1
813,294,567,GCTME,5/12/21,1879,364,-1
814,498,1611,OJJCV,7/24/21,241,1954,-1
815,251,782,GXIPG,7/13/21,1665,576,-1
816,563,1029,OKYMK,4/19/21,249,1453,-1
817,245,3020,MFNTV,3/13/21,452,1632,-1
818,458,1333,ZSXSV,12/17/20,311,181,-1
819,557,2275,NSKDU,10/5/20,189,645,-1
820,606,1026,MLXDD,5/12/21,56,1160,-1
821,751,113,OVRNN,7/29/21,987,1141,-1
822,453,1429,PIYUM,12/10/21,237,425,-1
823,355,927,FTEPD,12/10/21,1871,1223,-1
824,929,2813,DWENS,12/16/21,427,286,-1
825,141,1426,PIILA,10/25/21,761,520,-1
826,182,2570,HBQXA,3/30/21,160,524,-1
827,395,1182,ZATMQ,2/27/20,357,557,-1
828,832,662,JLMMD,10/31/20,1843,1966,-1
829,190,624,GRIHR,4/18/21,1622,432,-1
830,136,1709,KEWIB,11/3/21,1601,1912,-1
831,421,1457,RIISY,5/25/20,1532,98,-1
832,342,1032,OGVOB,12/28/21,769,1143,-1
833,133,2330,GQNWY,6/30/21,1431,489,-1
834,347,1414,LPGOS,5/11/21,1229,319,-1
835,851,694,CTSYE,10/13/20,323,1278,-1
836,808,2802,BRUQI,11/24/20,1601,487,-1
837,641,2514,TDHFI,7/13/21,1174,485,-1
838,219,806,TRGZT,4/25/21,477,1351,-1
839,751,431,EAJSU,6/1/21,1069,1655,-1
840,539,585,MBTRY,10/3/21,803,403,-1
841,409,2449,KJUCM,5/9/20,1190,1647,-1
842,956,1870,YQUAY,6/6/21,1136,1162,-1
843,827,3044,NMXQJ,12/21/21,1074,676,-1
844,647,2713,HCUSS,10/29/20,620,1879,-1
845,619,2127,QEOYC,2/9/21,709,1619,-1
846,906,640,QNLCB,12/10/20,389,1294,-1
847,646,161,WRLSX,6/5/21,518,101,-1
848,367,2432,KMGRT,8/1/20,650,144,-1
849,707,2370,LBXAS,11/16/20,1133,1843,-1
850,873,2378,ZYQJL,5/11/21,1313,463,-1
851,155,136,CBRAL,12/5/20,1741,545,-1
852,537,2954,CSDKE,1/16/20,111,1386,-1
853,652,547,BOITD,4/14/20,14,737,-1
854,318,2211,OZJDS,11/22/21,1490,946,-1
855,184,1200,ZUZSY,9/7/21,1543,280,-1
856,723,849,BMLHQ,5/19/21,717,1827,-1
857,362,923,JQLAD,5/21/21,1843,238,-1
858,328,56,WLPZR,11/28/20,873,295,-1
859,843,1414,GKMFE,3/17/21,1226,1351,-1
860,665,1603,HNEFL,6/3/21,796,1217,-1
861,995,2119,JFKEA,8/22/20,461,1845,-1
862,381,2917,ACKKN,6/22/21,212,14,-1
863,516,2639,RJZWL,12/8/21,947,878,-1
864,939,938,UHBFR,3/11/21,617,1210,-1
865,519,2823,JMOVC,1/31/21,1094,1955,-1
866,718,2424,WYPMQ,4/10/20,414,506,-1
867,474,191,HFTXH,12/15/21,917,454,-1
868,383,2878,GCCMF,6/8/21,1938,90,-1
869,405,1598,BTSOV,5/13/21,543,1539,-1
870,808,627,CZBHR,10/21/20,1605,578,-1
871,61,30,TZVJA,3/25/20,757,1266,-1
872,446,1850,FUUMG,4/26/20,992,859,-1
873,915,726,FLOQU,5/31/21,1331,1648,-1
874,935,1754,SQNND,7/15/20,709,938,-1
875,681,3021,TTBDN,3/11/20,732,1841,-1
876,535,1548,JEQZG,4/26/20,1664,294,-1
877,557,974,RFPBV,8/30/20,703,818,-1
878,208,1638,TTCHF,1/5/20,1222,984,-1
879,869,895,JZNBI,8/15/21,1214,1874,-1
880,489,374,SJQQV,8/24/20,328,546,-1
881,280,239,ZNDPJ,2/4/20,1720,380,-1
882,732,2579,ORDYQ,9/28/20,174,1532,-1
883,303,1128,TIZTD,5/31/21,501,1743,-1
884,63,537,COMXU,2/20/20,1396,419,-1
885,934,2543,HDZTZ,4/23/20,851,1694,-1
886,913,943,DGXJC,8/2/20,364,466,-1
887,422,1386,KHILK,9/17/20,623,553,-1
888,284,456,DXNAG,2/3/20,515,1580,-1
889,262,2849,OXRTC,11/25/21,1615,848,-1
890,1,274,WHVAY,4/12/21,1718,1101,-1
891,213,800,NKZPC,8/12/20,1971,36,-1
892,673,691,ULLNW,9/25/20,1787,133,-1
893,38,2881,CQRWG,10/20/21,1091,987,-1
894,503,2105,EKZRI,3/21/21,31,1137,-1
895,721,3028,XQOBE,2/23/21,707,1383,-1
896,254,2071,BDRYC,5/23/21,99,1970,-1
897,358,2388,IBCRT,8/3/21,1822,483,-1
898,908,47,PSYPA,6/3/21,321,1613,-1
899,870,2589,WICDW,10/26/20,1213,1362,-1
900,96,1570,LHGMJ,2/17/20,478,985,-1
901,483,381,TPWXC,9/8/20,914,826,-1
902,810,408,EKHLQ,3/24/21,1199,1256,-1
903,703,1471,YRKMZ,8/27/21,1780,1960,-1
904,524,2617,DFIFY,9/8/21,1275,1556,-1
905,382,2462,KBSFQ,12/16/21,1878,1842,-1
906,908,1097,TIUQN,10/14/21,1344,740,-1
907,556,2055,MBFCU,7/9/21,191,249,-1
908,346,395,VRHTA,10/25/20,1238,76,-1
909,330,2791,OPZTT,1/19/21,694,522,-1
910,984,1309,LVQHD,8/22/21,1485,1181,-1
911,68,2888,SRFFS,12/18/20,191,804,-1
912,577,1636,PANPV,4/20/21,1096,102,-1
913,735,1257,AOEPA,7/8/21,1042,676,-1
914,33,1032,CSFIT,2/26/20,1291,1757,-1
915,253,2233,XPQEO,3/1/21,1127,578,-1
916,492,516,VHZGE,1/29/20,837,1058,-1
917,158,1184,AMVZU,6/2/21,1636,1534,-1
918,317,2155,EUWXB,6/21/21,399,1448,-1
919,329,751,DGFDI,2/5/21,1156,1043,-1
920,886,2208,UXAPC,12/6/20,726,1758,-1
921,151,2078,ZPDCF,6/26/20,101,1765,-1
922,224,2810,ENWGB,3/11/21,402,1409,-1
923,937,131,VRQPD,4/27/20,961,99,-1
924,948,717,QSRZB,5/9/20,658,1004,-1
925,795,607,QQHNO,4/19/20,159,1666,-1
926,452,2901,IQOKD,5/21/21,819,1667,-1
927,579,2351,ZHXKK,12/3/20,773,610,-1
928,323,2422,RHYAU,1/8/20,212,1484,-1
929,111,1994,GXFHI,11/14/21,174,1932,-1
930,682,1476,KAPFX,9/22/20,1010,357,-1
931,810,296,UJFBI,8/8/21,1671,1337,-1
932,666,814,GYOFE,10/26/20,552,1919,-1
933,955,1184,UILEN,7/24/21,229,1373,-1
934,442,2564,TXHVV,2/9/21,879,1749,-1
935,989,69,GLLYK,11/19/20,912,1100,-1
936,559,154,OVSHA,9/11/20,1137,1963,-1
937,519,2251,VWKKA,4/16/21,233,1722,-1
938,927,289,BDJML,11/14/20,326,1860,-1
939,141,887,KAWHH,7/7/20,1445,1464,-1
940,161,1728,SBWSO,11/21/21,1051,1153,-1
941,27,2090,DCJYM,5/31/21,521,910,-1
942,975,2933,ZCYCD,10/28/21,148,1423,-1
943,438,2569,KDKVX,12/16/21,580,1965,-1
944,154,1546,SWFKO,3/28/20,1139,701,-1
945,498,2388,RWEJD,11/6/20,634,1098,-1
946,960,165,FAWED,1/8/20,745,1872,-1
947,185,1527,ZQPVY,5/26/21,696,658,-1
948,487,301,SWTJT,10/12/20,532,1380,-1
949,19,1351,XAUXP,2/10/20,835,1793,-1
950,971,2788,QFPAQ,9/28/20,1479,559,-1
951,214,1112,LJNYA,12/23/21,19,1077,-1
952,989,851,XXSVK,7/9/21,685,1866,-1
953,53,210,EAFWD,1/9/21,997,1728,-1
954,883,2427,GGJGR,8/7/20,785,778,-1
955,891,2944,YCDGL,3/16/20,1968,1782,-1
956,104,751,FUQBQ,12/18/21,1841,119,-1
957,702,2403,BVPUN,7/27/20,894,691,-1
958,115,1804,WXYGT,8/23/20,1039,841,-1
959,671,1452,GJCOP,5/3/21,1087,1581,-1
960,928,612,NTEHW,12/15/21,423,756,-1
961,901,1020,SOVKN,12/29/20,443,775,-1
962,168,2963,FMOJN,5/3/21,951,625,-1
963,359,680,WLJTY,8/16/21,823,1240,-1
964,614,2212,NLZZR,6/2/21,1621,1114,-1
965,538,90,GEFTL,2/21/21,466,118,-1
966,307,2368,MGGDE,11/30/21,1249,1875,-1
967,194,2924,PPMCB,6/2/20,1772,651,-1
968,254,2297,EHOXW,1/20/21,1849,1083,-1
969,186,1166,PTLAU,8/28/20,1108,667,-1
970,971,2275,JXSTA,1/16/20,464,1606,-1
971,686,984,CCTZN,5/12/20,1994,979,-1
972,143,1863,NYPIR,7/28/20,540,33,-1
973,72,700,XKQWY,4/5/20,538,794,-1
974,549,318,XUDUM,8/3/21,1186,1182,-1
975,803,374,MWCEW,3/13/21,981,539,-1
976,160,1533,IIJFA,7/7/21,1660,403,-1
977,125,806,XQHQD,12/20/21,300,1573,-1
978,406,196,LSXCZ,5/27/20,1221,1957,-1
979,221,1017,BTQSM,5/9/20,908,1058,-1
980,494,935,EWTXD,10/8/20,836,1956,-1
981,641,521,WQAGT,8/12/21,1502,1957,-1
982,398,582,RJUNW,2/22/20,1263,295,-1
983,369,958,ABLCE,2/26/20,1215,630,-1
984,496,421,LPACY,4/26/21,887,1090,-1
985,516,2106,OVZEI,10/9/20,1889,122,-1
986,237,2514,SOUID,9/16/21,253,1848,-1
987,471,55,QXRLS,8/11/21,642,1256,-1
988,584,624,OFFBL,12/16/20,548,1061,-1
989,551,2702,KLVNS,11/4/21,1311,66,-1
990,850,1780,WERAA,12/16/21,384,478,-1
991,820,264,NNLUS,8/23/21,37,865,-1
992,807,1395,GCLLL,11/5/20,1082,1493,-1
993,206,2497,PLNYB,10/17/20,805,1448,-1
994,745,553,WMNCO,6/14/20,1115,1895,-1
995,562,1280,KWOBB,3/22/21,1540,0,-1
996,39,1866,KUACN,8/6/21,699,314,-1
997,470,2000,NLYSU,6/17/20,582,1165,-1
998,455,1050,LIWNV,11/23/21,1769,1911,-1
999,806,2772,VCYKH,2/18/20,781,1000,-1
1000,279,2120,SMQQK,11/3/21,1116,1309,-1